place,time,요일,value,day
"고속터미널역 8-1번, 8-2번 출구 사이",1,월요일,23,1
"고속터미널역 8-1번, 8-2번 출구 사이",1,화요일,16,2
"고속터미널역 8-1번, 8-2번 출구 사이",1,수요일,23,3
"고속터미널역 8-1번, 8-2번 출구 사이",1,목요일,6,4
"고속터미널역 8-1번, 8-2번 출구 사이",1,금요일,12,5
"고속터미널역 8-1번, 8-2번 출구 사이",1,토요일,37,6
"고속터미널역 8-1번, 8-2번 출구 사이",1,일요일,40,7
"고속터미널역 8-1번, 8-2번 출구 사이",2,월요일,10,1
"고속터미널역 8-1번, 8-2번 출구 사이",2,화요일,12,2
"고속터미널역 8-1번, 8-2번 출구 사이",2,수요일,10,3
"고속터미널역 8-1번, 8-2번 출구 사이",2,목요일,6,4
"고속터미널역 8-1번, 8-2번 출구 사이",2,금요일,8,5
"고속터미널역 8-1번, 8-2번 출구 사이",2,토요일,22,6
"고속터미널역 8-1번, 8-2번 출구 사이",2,일요일,13,7
"고속터미널역 8-1번, 8-2번 출구 사이",3,월요일,5,1
"고속터미널역 8-1번, 8-2번 출구 사이",3,화요일,9,2
"고속터미널역 8-1번, 8-2번 출구 사이",3,수요일,5,3
"고속터미널역 8-1번, 8-2번 출구 사이",3,목요일,2,4
"고속터미널역 8-1번, 8-2번 출구 사이",3,금요일,4,5
"고속터미널역 8-1번, 8-2번 출구 사이",3,토요일,9,6
"고속터미널역 8-1번, 8-2번 출구 사이",3,일요일,11,7
"고속터미널역 8-1번, 8-2번 출구 사이",4,월요일,8,1
"고속터미널역 8-1번, 8-2번 출구 사이",4,화요일,2,2
"고속터미널역 8-1번, 8-2번 출구 사이",4,수요일,4,3
"고속터미널역 8-1번, 8-2번 출구 사이",4,목요일,3,4
"고속터미널역 8-1번, 8-2번 출구 사이",4,금요일,3,5
"고속터미널역 8-1번, 8-2번 출구 사이",4,토요일,8,6
"고속터미널역 8-1번, 8-2번 출구 사이",4,일요일,2,7
"고속터미널역 8-1번, 8-2번 출구 사이",5,월요일,2,1
"고속터미널역 8-1번, 8-2번 출구 사이",5,화요일,4,2
"고속터미널역 8-1번, 8-2번 출구 사이",5,수요일,3,3
"고속터미널역 8-1번, 8-2번 출구 사이",5,목요일,4,4
"고속터미널역 8-1번, 8-2번 출구 사이",5,금요일,3,5
"고속터미널역 8-1번, 8-2번 출구 사이",5,토요일,4,6
"고속터미널역 8-1번, 8-2번 출구 사이",5,일요일,4,7
"고속터미널역 8-1번, 8-2번 출구 사이",6,월요일,13,1
"고속터미널역 8-1번, 8-2번 출구 사이",6,화요일,11,2
"고속터미널역 8-1번, 8-2번 출구 사이",6,수요일,16,3
"고속터미널역 8-1번, 8-2번 출구 사이",6,목요일,11,4
"고속터미널역 8-1번, 8-2번 출구 사이",6,금요일,14,5
"고속터미널역 8-1번, 8-2번 출구 사이",6,토요일,8,6
"고속터미널역 8-1번, 8-2번 출구 사이",6,일요일,7,7
"고속터미널역 8-1번, 8-2번 출구 사이",7,월요일,27,1
"고속터미널역 8-1번, 8-2번 출구 사이",7,화요일,16,2
"고속터미널역 8-1번, 8-2번 출구 사이",7,수요일,24,3
"고속터미널역 8-1번, 8-2번 출구 사이",7,목요일,17,4
"고속터미널역 8-1번, 8-2번 출구 사이",7,금요일,20,5
"고속터미널역 8-1번, 8-2번 출구 사이",7,토요일,12,6
"고속터미널역 8-1번, 8-2번 출구 사이",7,일요일,6,7
"고속터미널역 8-1번, 8-2번 출구 사이",8,월요일,22,1
"고속터미널역 8-1번, 8-2번 출구 사이",8,화요일,19,2
"고속터미널역 8-1번, 8-2번 출구 사이",8,수요일,15,3
"고속터미널역 8-1번, 8-2번 출구 사이",8,목요일,17,4
"고속터미널역 8-1번, 8-2번 출구 사이",8,금요일,20,5
"고속터미널역 8-1번, 8-2번 출구 사이",8,토요일,16,6
"고속터미널역 8-1번, 8-2번 출구 사이",8,일요일,21,7
"고속터미널역 8-1번, 8-2번 출구 사이",9,월요일,20,1
"고속터미널역 8-1번, 8-2번 출구 사이",9,화요일,14,2
"고속터미널역 8-1번, 8-2번 출구 사이",9,수요일,12,3
"고속터미널역 8-1번, 8-2번 출구 사이",9,목요일,20,4
"고속터미널역 8-1번, 8-2번 출구 사이",9,금요일,17,5
"고속터미널역 8-1번, 8-2번 출구 사이",9,토요일,29,6
"고속터미널역 8-1번, 8-2번 출구 사이",9,일요일,21,7
"고속터미널역 8-1번, 8-2번 출구 사이",10,월요일,15,1
"고속터미널역 8-1번, 8-2번 출구 사이",10,화요일,9,2
"고속터미널역 8-1번, 8-2번 출구 사이",10,수요일,11,3
"고속터미널역 8-1번, 8-2번 출구 사이",10,목요일,18,4
"고속터미널역 8-1번, 8-2번 출구 사이",10,금요일,15,5
"고속터미널역 8-1번, 8-2번 출구 사이",10,토요일,27,6
"고속터미널역 8-1번, 8-2번 출구 사이",10,일요일,31,7
"고속터미널역 8-1번, 8-2번 출구 사이",11,월요일,26,1
"고속터미널역 8-1번, 8-2번 출구 사이",11,화요일,20,2
"고속터미널역 8-1번, 8-2번 출구 사이",11,수요일,20,3
"고속터미널역 8-1번, 8-2번 출구 사이",11,목요일,21,4
"고속터미널역 8-1번, 8-2번 출구 사이",11,금요일,23,5
"고속터미널역 8-1번, 8-2번 출구 사이",11,토요일,50,6
"고속터미널역 8-1번, 8-2번 출구 사이",11,일요일,32,7
"고속터미널역 8-1번, 8-2번 출구 사이",12,월요일,24,1
"고속터미널역 8-1번, 8-2번 출구 사이",12,화요일,14,2
"고속터미널역 8-1번, 8-2번 출구 사이",12,수요일,15,3
"고속터미널역 8-1번, 8-2번 출구 사이",12,목요일,18,4
"고속터미널역 8-1번, 8-2번 출구 사이",12,금요일,29,5
"고속터미널역 8-1번, 8-2번 출구 사이",12,토요일,45,6
"고속터미널역 8-1번, 8-2번 출구 사이",12,일요일,38,7
"고속터미널역 8-1번, 8-2번 출구 사이",13,월요일,30,1
"고속터미널역 8-1번, 8-2번 출구 사이",13,화요일,25,2
"고속터미널역 8-1번, 8-2번 출구 사이",13,수요일,25,3
"고속터미널역 8-1번, 8-2번 출구 사이",13,목요일,22,4
"고속터미널역 8-1번, 8-2번 출구 사이",13,금요일,39,5
"고속터미널역 8-1번, 8-2번 출구 사이",13,토요일,47,6
"고속터미널역 8-1번, 8-2번 출구 사이",13,일요일,58,7
"고속터미널역 8-1번, 8-2번 출구 사이",14,월요일,49,1
"고속터미널역 8-1번, 8-2번 출구 사이",14,화요일,31,2
"고속터미널역 8-1번, 8-2번 출구 사이",14,수요일,15,3
"고속터미널역 8-1번, 8-2번 출구 사이",14,목요일,33,4
"고속터미널역 8-1번, 8-2번 출구 사이",14,금요일,41,5
"고속터미널역 8-1번, 8-2번 출구 사이",14,토요일,78,6
"고속터미널역 8-1번, 8-2번 출구 사이",14,일요일,62,7
"고속터미널역 8-1번, 8-2번 출구 사이",15,월요일,64,1
"고속터미널역 8-1번, 8-2번 출구 사이",15,화요일,36,2
"고속터미널역 8-1번, 8-2번 출구 사이",15,수요일,37,3
"고속터미널역 8-1번, 8-2번 출구 사이",15,목요일,34,4
"고속터미널역 8-1번, 8-2번 출구 사이",15,금요일,53,5
"고속터미널역 8-1번, 8-2번 출구 사이",15,토요일,86,6
"고속터미널역 8-1번, 8-2번 출구 사이",15,일요일,93,7
"고속터미널역 8-1번, 8-2번 출구 사이",16,월요일,72,1
"고속터미널역 8-1번, 8-2번 출구 사이",16,화요일,58,2
"고속터미널역 8-1번, 8-2번 출구 사이",16,수요일,45,3
"고속터미널역 8-1번, 8-2번 출구 사이",16,목요일,52,4
"고속터미널역 8-1번, 8-2번 출구 사이",16,금요일,73,5
"고속터미널역 8-1번, 8-2번 출구 사이",16,토요일,113,6
"고속터미널역 8-1번, 8-2번 출구 사이",16,일요일,141,7
"고속터미널역 8-1번, 8-2번 출구 사이",17,월요일,116,1
"고속터미널역 8-1번, 8-2번 출구 사이",17,화요일,95,2
"고속터미널역 8-1번, 8-2번 출구 사이",17,수요일,61,3
"고속터미널역 8-1번, 8-2번 출구 사이",17,목요일,105,4
"고속터미널역 8-1번, 8-2번 출구 사이",17,금요일,97,5
"고속터미널역 8-1번, 8-2번 출구 사이",17,토요일,120,6
"고속터미널역 8-1번, 8-2번 출구 사이",17,일요일,145,7
"고속터미널역 8-1번, 8-2번 출구 사이",18,월요일,158,1
"고속터미널역 8-1번, 8-2번 출구 사이",18,화요일,106,2
"고속터미널역 8-1번, 8-2번 출구 사이",18,수요일,81,3
"고속터미널역 8-1번, 8-2번 출구 사이",18,목요일,130,4
"고속터미널역 8-1번, 8-2번 출구 사이",18,금요일,151,5
"고속터미널역 8-1번, 8-2번 출구 사이",18,토요일,169,6
"고속터미널역 8-1번, 8-2번 출구 사이",18,일요일,182,7
"고속터미널역 8-1번, 8-2번 출구 사이",19,월요일,157,1
"고속터미널역 8-1번, 8-2번 출구 사이",19,화요일,113,2
"고속터미널역 8-1번, 8-2번 출구 사이",19,수요일,58,3
"고속터미널역 8-1번, 8-2번 출구 사이",19,목요일,96,4
"고속터미널역 8-1번, 8-2번 출구 사이",19,금요일,173,5
"고속터미널역 8-1번, 8-2번 출구 사이",19,토요일,176,6
"고속터미널역 8-1번, 8-2번 출구 사이",19,일요일,220,7
"고속터미널역 8-1번, 8-2번 출구 사이",20,월요일,113,1
"고속터미널역 8-1번, 8-2번 출구 사이",20,화요일,117,2
"고속터미널역 8-1번, 8-2번 출구 사이",20,수요일,51,3
"고속터미널역 8-1번, 8-2번 출구 사이",20,목요일,87,4
"고속터미널역 8-1번, 8-2번 출구 사이",20,금요일,152,5
"고속터미널역 8-1번, 8-2번 출구 사이",20,토요일,213,6
"고속터미널역 8-1번, 8-2번 출구 사이",20,일요일,209,7
"고속터미널역 8-1번, 8-2번 출구 사이",21,월요일,118,1
"고속터미널역 8-1번, 8-2번 출구 사이",21,화요일,83,2
"고속터미널역 8-1번, 8-2번 출구 사이",21,수요일,61,3
"고속터미널역 8-1번, 8-2번 출구 사이",21,목요일,96,4
"고속터미널역 8-1번, 8-2번 출구 사이",21,금요일,146,5
"고속터미널역 8-1번, 8-2번 출구 사이",21,토요일,186,6
"고속터미널역 8-1번, 8-2번 출구 사이",21,일요일,173,7
"고속터미널역 8-1번, 8-2번 출구 사이",22,월요일,96,1
"고속터미널역 8-1번, 8-2번 출구 사이",22,화요일,105,2
"고속터미널역 8-1번, 8-2번 출구 사이",22,수요일,47,3
"고속터미널역 8-1번, 8-2번 출구 사이",22,목요일,64,4
"고속터미널역 8-1번, 8-2번 출구 사이",22,금요일,115,5
"고속터미널역 8-1번, 8-2번 출구 사이",22,토요일,121,6
"고속터미널역 8-1번, 8-2번 출구 사이",22,일요일,169,7
"고속터미널역 8-1번, 8-2번 출구 사이",23,월요일,61,1
"고속터미널역 8-1번, 8-2번 출구 사이",23,화요일,48,2
"고속터미널역 8-1번, 8-2번 출구 사이",23,수요일,43,3
"고속터미널역 8-1번, 8-2번 출구 사이",23,목요일,42,4
"고속터미널역 8-1번, 8-2번 출구 사이",23,금요일,99,5
"고속터미널역 8-1번, 8-2번 출구 사이",23,토요일,70,6
"고속터미널역 8-1번, 8-2번 출구 사이",23,일요일,97,7
"고속터미널역 8-1번, 8-2번 출구 사이",24,월요일,41,1
"고속터미널역 8-1번, 8-2번 출구 사이",24,화요일,37,2
"고속터미널역 8-1번, 8-2번 출구 사이",24,수요일,21,3
"고속터미널역 8-1번, 8-2번 출구 사이",24,목요일,24,4
"고속터미널역 8-1번, 8-2번 출구 사이",24,금요일,33,5
"고속터미널역 8-1번, 8-2번 출구 사이",24,토요일,59,6
"고속터미널역 8-1번, 8-2번 출구 사이",24,일요일,61,7
당산육갑문,1,월요일,17,1
당산육갑문,1,화요일,13,2
당산육갑문,1,수요일,25,3
당산육갑문,1,목요일,17,4
당산육갑문,1,금요일,14,5
당산육갑문,1,토요일,24,6
당산육갑문,1,일요일,36,7
당산육갑문,2,월요일,2,1
당산육갑문,2,화요일,15,2
당산육갑문,2,수요일,17,3
당산육갑문,2,목요일,6,4
당산육갑문,2,금요일,9,5
당산육갑문,2,토요일,24,6
당산육갑문,2,일요일,14,7
당산육갑문,3,월요일,2,1
당산육갑문,3,화요일,3,2
당산육갑문,3,수요일,8,3
당산육갑문,3,목요일,1,4
당산육갑문,3,금요일,2,5
당산육갑문,3,토요일,9,6
당산육갑문,3,일요일,7,7
당산육갑문,4,월요일,4,1
당산육갑문,4,화요일,0,2
당산육갑문,4,수요일,3,3
당산육갑문,4,목요일,1,4
당산육갑문,4,금요일,1,5
당산육갑문,4,토요일,5,6
당산육갑문,4,일요일,3,7
당산육갑문,5,월요일,4,1
당산육갑문,5,화요일,2,2
당산육갑문,5,수요일,1,3
당산육갑문,5,목요일,1,4
당산육갑문,5,금요일,1,5
당산육갑문,5,토요일,2,6
당산육갑문,5,일요일,5,7
당산육갑문,6,월요일,11,1
당산육갑문,6,화요일,5,2
당산육갑문,6,수요일,8,3
당산육갑문,6,목요일,8,4
당산육갑문,6,금요일,10,5
당산육갑문,6,토요일,7,6
당산육갑문,6,일요일,10,7
당산육갑문,7,월요일,42,1
당산육갑문,7,화요일,31,2
당산육갑문,7,수요일,33,3
당산육갑문,7,목요일,32,4
당산육갑문,7,금요일,36,5
당산육갑문,7,토요일,16,6
당산육갑문,7,일요일,11,7
당산육갑문,8,월요일,51,1
당산육갑문,8,화요일,23,2
당산육갑문,8,수요일,18,3
당산육갑문,8,목요일,15,4
당산육갑문,8,금요일,28,5
당산육갑문,8,토요일,15,6
당산육갑문,8,일요일,26,7
당산육갑문,9,월요일,25,1
당산육갑문,9,화요일,12,2
당산육갑문,9,수요일,10,3
당산육갑문,9,목요일,11,4
당산육갑문,9,금요일,12,5
당산육갑문,9,토요일,24,6
당산육갑문,9,일요일,31,7
당산육갑문,10,월요일,21,1
당산육갑문,10,화요일,10,2
당산육갑문,10,수요일,12,3
당산육갑문,10,목요일,9,4
당산육갑문,10,금요일,16,5
당산육갑문,10,토요일,26,6
당산육갑문,10,일요일,33,7
당산육갑문,11,월요일,15,1
당산육갑문,11,화요일,10,2
당산육갑문,11,수요일,10,3
당산육갑문,11,목요일,9,4
당산육갑문,11,금요일,16,5
당산육갑문,11,토요일,23,6
당산육갑문,11,일요일,35,7
당산육갑문,12,월요일,26,1
당산육갑문,12,화요일,17,2
당산육갑문,12,수요일,19,3
당산육갑문,12,목요일,15,4
당산육갑문,12,금요일,17,5
당산육갑문,12,토요일,12,6
당산육갑문,12,일요일,23,7
당산육갑문,13,월요일,14,1
당산육갑문,13,화요일,25,2
당산육갑문,13,수요일,22,3
당산육갑문,13,목요일,10,4
당산육갑문,13,금요일,35,5
당산육갑문,13,토요일,45,6
당산육갑문,13,일요일,49,7
당산육갑문,14,월요일,28,1
당산육갑문,14,화요일,19,2
당산육갑문,14,수요일,9,3
당산육갑문,14,목요일,13,4
당산육갑문,14,금요일,39,5
당산육갑문,14,토요일,41,6
당산육갑문,14,일요일,48,7
당산육갑문,15,월요일,44,1
당산육갑문,15,화요일,33,2
당산육갑문,15,수요일,17,3
당산육갑문,15,목요일,35,4
당산육갑문,15,금요일,28,5
당산육갑문,15,토요일,60,6
당산육갑문,15,일요일,59,7
당산육갑문,16,월요일,65,1
당산육갑문,16,화요일,43,2
당산육갑문,16,수요일,33,3
당산육갑문,16,목요일,26,4
당산육갑문,16,금요일,41,5
당산육갑문,16,토요일,88,6
당산육갑문,16,일요일,44,7
당산육갑문,17,월요일,106,1
당산육갑문,17,화요일,76,2
당산육갑문,17,수요일,54,3
당산육갑문,17,목요일,46,4
당산육갑문,17,금요일,69,5
당산육갑문,17,토요일,104,6
당산육갑문,17,일요일,136,7
당산육갑문,18,월요일,159,1
당산육갑문,18,화요일,110,2
당산육갑문,18,수요일,64,3
당산육갑문,18,목요일,99,4
당산육갑문,18,금요일,109,5
당산육갑문,18,토요일,121,6
당산육갑문,18,일요일,144,7
당산육갑문,19,월요일,145,1
당산육갑문,19,화요일,124,2
당산육갑문,19,수요일,66,3
당산육갑문,19,목요일,85,4
당산육갑문,19,금요일,126,5
당산육갑문,19,토요일,150,6
당산육갑문,19,일요일,208,7
당산육갑문,20,월요일,145,1
당산육갑문,20,화요일,129,2
당산육갑문,20,수요일,71,3
당산육갑문,20,목요일,67,4
당산육갑문,20,금요일,154,5
당산육갑문,20,토요일,172,6
당산육갑문,20,일요일,184,7
당산육갑문,21,월요일,151,1
당산육갑문,21,화요일,140,2
당산육갑문,21,수요일,84,3
당산육갑문,21,목요일,75,4
당산육갑문,21,금요일,146,5
당산육갑문,21,토요일,177,6
당산육갑문,21,일요일,184,7
당산육갑문,22,월요일,95,1
당산육갑문,22,화요일,92,2
당산육갑문,22,수요일,57,3
당산육갑문,22,목요일,52,4
당산육갑문,22,금요일,140,5
당산육갑문,22,토요일,107,6
당산육갑문,22,일요일,122,7
당산육갑문,23,월요일,73,1
당산육갑문,23,화요일,71,2
당산육갑문,23,수요일,39,3
당산육갑문,23,목요일,30,4
당산육갑문,23,금요일,95,5
당산육갑문,23,토요일,105,6
당산육갑문,23,일요일,65,7
당산육갑문,24,월요일,20,1
당산육갑문,24,화요일,38,2
당산육갑문,24,수요일,22,3
당산육갑문,24,목요일,25,4
당산육갑문,24,금요일,20,5
당산육갑문,24,토요일,51,6
당산육갑문,24,일요일,42,7
독산보도육교 앞 자전거 보관소,1,월요일,3,1
독산보도육교 앞 자전거 보관소,1,화요일,3,2
독산보도육교 앞 자전거 보관소,1,수요일,1,3
독산보도육교 앞 자전거 보관소,1,목요일,1,4
독산보도육교 앞 자전거 보관소,1,금요일,2,5
독산보도육교 앞 자전거 보관소,1,토요일,9,6
독산보도육교 앞 자전거 보관소,1,일요일,4,7
독산보도육교 앞 자전거 보관소,2,월요일,2,1
독산보도육교 앞 자전거 보관소,2,화요일,2,2
독산보도육교 앞 자전거 보관소,2,수요일,2,3
독산보도육교 앞 자전거 보관소,2,목요일,0,4
독산보도육교 앞 자전거 보관소,2,금요일,2,5
독산보도육교 앞 자전거 보관소,2,토요일,2,6
독산보도육교 앞 자전거 보관소,2,일요일,0,7
독산보도육교 앞 자전거 보관소,3,월요일,0,1
독산보도육교 앞 자전거 보관소,3,화요일,0,2
독산보도육교 앞 자전거 보관소,3,수요일,0,3
독산보도육교 앞 자전거 보관소,3,목요일,2,4
독산보도육교 앞 자전거 보관소,3,금요일,2,5
독산보도육교 앞 자전거 보관소,3,토요일,3,6
독산보도육교 앞 자전거 보관소,3,일요일,1,7
독산보도육교 앞 자전거 보관소,4,월요일,1,1
독산보도육교 앞 자전거 보관소,4,화요일,0,2
독산보도육교 앞 자전거 보관소,4,수요일,1,3
독산보도육교 앞 자전거 보관소,4,목요일,1,4
독산보도육교 앞 자전거 보관소,4,금요일,0,5
독산보도육교 앞 자전거 보관소,4,토요일,0,6
독산보도육교 앞 자전거 보관소,4,일요일,0,7
독산보도육교 앞 자전거 보관소,5,월요일,1,1
독산보도육교 앞 자전거 보관소,5,화요일,2,2
독산보도육교 앞 자전거 보관소,5,수요일,1,3
독산보도육교 앞 자전거 보관소,5,목요일,3,4
독산보도육교 앞 자전거 보관소,5,금요일,0,5
독산보도육교 앞 자전거 보관소,5,토요일,1,6
독산보도육교 앞 자전거 보관소,5,일요일,4,7
독산보도육교 앞 자전거 보관소,6,월요일,9,1
독산보도육교 앞 자전거 보관소,6,화요일,6,2
독산보도육교 앞 자전거 보관소,6,수요일,11,3
독산보도육교 앞 자전거 보관소,6,목요일,5,4
독산보도육교 앞 자전거 보관소,6,금요일,12,5
독산보도육교 앞 자전거 보관소,6,토요일,8,6
독산보도육교 앞 자전거 보관소,6,일요일,10,7
독산보도육교 앞 자전거 보관소,7,월요일,57,1
독산보도육교 앞 자전거 보관소,7,화요일,46,2
독산보도육교 앞 자전거 보관소,7,수요일,36,3
독산보도육교 앞 자전거 보관소,7,목요일,42,4
독산보도육교 앞 자전거 보관소,7,금요일,27,5
독산보도육교 앞 자전거 보관소,7,토요일,37,6
독산보도육교 앞 자전거 보관소,7,일요일,19,7
독산보도육교 앞 자전거 보관소,8,월요일,64,1
독산보도육교 앞 자전거 보관소,8,화요일,53,2
독산보도육교 앞 자전거 보관소,8,수요일,43,3
독산보도육교 앞 자전거 보관소,8,목요일,44,4
독산보도육교 앞 자전거 보관소,8,금요일,50,5
독산보도육교 앞 자전거 보관소,8,토요일,6,6
독산보도육교 앞 자전거 보관소,8,일요일,17,7
독산보도육교 앞 자전거 보관소,9,월요일,25,1
독산보도육교 앞 자전거 보관소,9,화요일,21,2
독산보도육교 앞 자전거 보관소,9,수요일,12,3
독산보도육교 앞 자전거 보관소,9,목요일,13,4
독산보도육교 앞 자전거 보관소,9,금요일,11,5
독산보도육교 앞 자전거 보관소,9,토요일,23,6
독산보도육교 앞 자전거 보관소,9,일요일,11,7
독산보도육교 앞 자전거 보관소,10,월요일,22,1
독산보도육교 앞 자전거 보관소,10,화요일,17,2
독산보도육교 앞 자전거 보관소,10,수요일,11,3
독산보도육교 앞 자전거 보관소,10,목요일,12,4
독산보도육교 앞 자전거 보관소,10,금요일,22,5
독산보도육교 앞 자전거 보관소,10,토요일,30,6
독산보도육교 앞 자전거 보관소,10,일요일,26,7
독산보도육교 앞 자전거 보관소,11,월요일,23,1
독산보도육교 앞 자전거 보관소,11,화요일,9,2
독산보도육교 앞 자전거 보관소,11,수요일,14,3
독산보도육교 앞 자전거 보관소,11,목요일,24,4
독산보도육교 앞 자전거 보관소,11,금요일,16,5
독산보도육교 앞 자전거 보관소,11,토요일,31,6
독산보도육교 앞 자전거 보관소,11,일요일,26,7
독산보도육교 앞 자전거 보관소,12,월요일,10,1
독산보도육교 앞 자전거 보관소,12,화요일,9,2
독산보도육교 앞 자전거 보관소,12,수요일,6,3
독산보도육교 앞 자전거 보관소,12,목요일,15,4
독산보도육교 앞 자전거 보관소,12,금요일,14,5
독산보도육교 앞 자전거 보관소,12,토요일,21,6
독산보도육교 앞 자전거 보관소,12,일요일,18,7
독산보도육교 앞 자전거 보관소,13,월요일,19,1
독산보도육교 앞 자전거 보관소,13,화요일,9,2
독산보도육교 앞 자전거 보관소,13,수요일,10,3
독산보도육교 앞 자전거 보관소,13,목요일,7,4
독산보도육교 앞 자전거 보관소,13,금요일,11,5
독산보도육교 앞 자전거 보관소,13,토요일,10,6
독산보도육교 앞 자전거 보관소,13,일요일,16,7
독산보도육교 앞 자전거 보관소,14,월요일,26,1
독산보도육교 앞 자전거 보관소,14,화요일,12,2
독산보도육교 앞 자전거 보관소,14,수요일,10,3
독산보도육교 앞 자전거 보관소,14,목요일,12,4
독산보도육교 앞 자전거 보관소,14,금요일,8,5
독산보도육교 앞 자전거 보관소,14,토요일,21,6
독산보도육교 앞 자전거 보관소,14,일요일,19,7
독산보도육교 앞 자전거 보관소,15,월요일,11,1
독산보도육교 앞 자전거 보관소,15,화요일,12,2
독산보도육교 앞 자전거 보관소,15,수요일,7,3
독산보도육교 앞 자전거 보관소,15,목요일,17,4
독산보도육교 앞 자전거 보관소,15,금요일,16,5
독산보도육교 앞 자전거 보관소,15,토요일,15,6
독산보도육교 앞 자전거 보관소,15,일요일,35,7
독산보도육교 앞 자전거 보관소,16,월요일,20,1
독산보도육교 앞 자전거 보관소,16,화요일,22,2
독산보도육교 앞 자전거 보관소,16,수요일,25,3
독산보도육교 앞 자전거 보관소,16,목요일,24,4
독산보도육교 앞 자전거 보관소,16,금요일,36,5
독산보도육교 앞 자전거 보관소,16,토요일,32,6
독산보도육교 앞 자전거 보관소,16,일요일,34,7
독산보도육교 앞 자전거 보관소,17,월요일,28,1
독산보도육교 앞 자전거 보관소,17,화요일,35,2
독산보도육교 앞 자전거 보관소,17,수요일,17,3
독산보도육교 앞 자전거 보관소,17,목요일,24,4
독산보도육교 앞 자전거 보관소,17,금요일,41,5
독산보도육교 앞 자전거 보관소,17,토요일,29,6
독산보도육교 앞 자전거 보관소,17,일요일,44,7
독산보도육교 앞 자전거 보관소,18,월요일,93,1
독산보도육교 앞 자전거 보관소,18,화요일,80,2
독산보도육교 앞 자전거 보관소,18,수요일,44,3
독산보도육교 앞 자전거 보관소,18,목요일,62,4
독산보도육교 앞 자전거 보관소,18,금요일,71,5
독산보도육교 앞 자전거 보관소,18,토요일,46,6
독산보도육교 앞 자전거 보관소,18,일요일,67,7
독산보도육교 앞 자전거 보관소,19,월요일,66,1
독산보도육교 앞 자전거 보관소,19,화요일,77,2
독산보도육교 앞 자전거 보관소,19,수요일,45,3
독산보도육교 앞 자전거 보관소,19,목요일,55,4
독산보도육교 앞 자전거 보관소,19,금요일,64,5
독산보도육교 앞 자전거 보관소,19,토요일,74,6
독산보도육교 앞 자전거 보관소,19,일요일,53,7
독산보도육교 앞 자전거 보관소,20,월요일,57,1
독산보도육교 앞 자전거 보관소,20,화요일,62,2
독산보도육교 앞 자전거 보관소,20,수요일,34,3
독산보도육교 앞 자전거 보관소,20,목요일,37,4
독산보도육교 앞 자전거 보관소,20,금요일,44,5
독산보도육교 앞 자전거 보관소,20,토요일,93,6
독산보도육교 앞 자전거 보관소,20,일요일,46,7
독산보도육교 앞 자전거 보관소,21,월요일,54,1
독산보도육교 앞 자전거 보관소,21,화요일,62,2
독산보도육교 앞 자전거 보관소,21,수요일,20,3
독산보도육교 앞 자전거 보관소,21,목요일,38,4
독산보도육교 앞 자전거 보관소,21,금요일,46,5
독산보도육교 앞 자전거 보관소,21,토요일,53,6
독산보도육교 앞 자전거 보관소,21,일요일,28,7
독산보도육교 앞 자전거 보관소,22,월요일,29,1
독산보도육교 앞 자전거 보관소,22,화요일,22,2
독산보도육교 앞 자전거 보관소,22,수요일,17,3
독산보도육교 앞 자전거 보관소,22,목요일,17,4
독산보도육교 앞 자전거 보관소,22,금요일,37,5
독산보도육교 앞 자전거 보관소,22,토요일,50,6
독산보도육교 앞 자전거 보관소,22,일요일,22,7
독산보도육교 앞 자전거 보관소,23,월요일,13,1
독산보도육교 앞 자전거 보관소,23,화요일,17,2
독산보도육교 앞 자전거 보관소,23,수요일,9,3
독산보도육교 앞 자전거 보관소,23,목요일,9,4
독산보도육교 앞 자전거 보관소,23,금요일,27,5
독산보도육교 앞 자전거 보관소,23,토요일,18,6
독산보도육교 앞 자전거 보관소,23,일요일,34,7
독산보도육교 앞 자전거 보관소,24,월요일,8,1
독산보도육교 앞 자전거 보관소,24,화요일,5,2
독산보도육교 앞 자전거 보관소,24,수요일,2,3
독산보도육교 앞 자전거 보관소,24,목요일,3,4
독산보도육교 앞 자전거 보관소,24,금요일,1,5
독산보도육교 앞 자전거 보관소,24,토요일,6,6
독산보도육교 앞 자전거 보관소,24,일요일,6,7
뚝섬유원지역 1번출구 앞,1,월요일,63,1
뚝섬유원지역 1번출구 앞,1,화요일,39,2
뚝섬유원지역 1번출구 앞,1,수요일,34,3
뚝섬유원지역 1번출구 앞,1,목요일,27,4
뚝섬유원지역 1번출구 앞,1,금요일,35,5
뚝섬유원지역 1번출구 앞,1,토요일,60,6
뚝섬유원지역 1번출구 앞,1,일요일,100,7
뚝섬유원지역 1번출구 앞,2,월요일,43,1
뚝섬유원지역 1번출구 앞,2,화요일,28,2
뚝섬유원지역 1번출구 앞,2,수요일,28,3
뚝섬유원지역 1번출구 앞,2,목요일,21,4
뚝섬유원지역 1번출구 앞,2,금요일,14,5
뚝섬유원지역 1번출구 앞,2,토요일,49,6
뚝섬유원지역 1번출구 앞,2,일요일,44,7
뚝섬유원지역 1번출구 앞,3,월요일,13,1
뚝섬유원지역 1번출구 앞,3,화요일,18,2
뚝섬유원지역 1번출구 앞,3,수요일,17,3
뚝섬유원지역 1번출구 앞,3,목요일,4,4
뚝섬유원지역 1번출구 앞,3,금요일,10,5
뚝섬유원지역 1번출구 앞,3,토요일,29,6
뚝섬유원지역 1번출구 앞,3,일요일,24,7
뚝섬유원지역 1번출구 앞,4,월요일,16,1
뚝섬유원지역 1번출구 앞,4,화요일,19,2
뚝섬유원지역 1번출구 앞,4,수요일,11,3
뚝섬유원지역 1번출구 앞,4,목요일,13,4
뚝섬유원지역 1번출구 앞,4,금요일,20,5
뚝섬유원지역 1번출구 앞,4,토요일,24,6
뚝섬유원지역 1번출구 앞,4,일요일,13,7
뚝섬유원지역 1번출구 앞,5,월요일,8,1
뚝섬유원지역 1번출구 앞,5,화요일,7,2
뚝섬유원지역 1번출구 앞,5,수요일,5,3
뚝섬유원지역 1번출구 앞,5,목요일,6,4
뚝섬유원지역 1번출구 앞,5,금요일,7,5
뚝섬유원지역 1번출구 앞,5,토요일,18,6
뚝섬유원지역 1번출구 앞,5,일요일,9,7
뚝섬유원지역 1번출구 앞,6,월요일,20,1
뚝섬유원지역 1번출구 앞,6,화요일,21,2
뚝섬유원지역 1번출구 앞,6,수요일,24,3
뚝섬유원지역 1번출구 앞,6,목요일,11,4
뚝섬유원지역 1번출구 앞,6,금요일,16,5
뚝섬유원지역 1번출구 앞,6,토요일,6,6
뚝섬유원지역 1번출구 앞,6,일요일,13,7
뚝섬유원지역 1번출구 앞,7,월요일,38,1
뚝섬유원지역 1번출구 앞,7,화요일,29,2
뚝섬유원지역 1번출구 앞,7,수요일,23,3
뚝섬유원지역 1번출구 앞,7,목요일,18,4
뚝섬유원지역 1번출구 앞,7,금요일,22,5
뚝섬유원지역 1번출구 앞,7,토요일,20,6
뚝섬유원지역 1번출구 앞,7,일요일,24,7
뚝섬유원지역 1번출구 앞,8,월요일,113,1
뚝섬유원지역 1번출구 앞,8,화요일,75,2
뚝섬유원지역 1번출구 앞,8,수요일,69,3
뚝섬유원지역 1번출구 앞,8,목요일,67,4
뚝섬유원지역 1번출구 앞,8,금요일,64,5
뚝섬유원지역 1번출구 앞,8,토요일,38,6
뚝섬유원지역 1번출구 앞,8,일요일,33,7
뚝섬유원지역 1번출구 앞,9,월요일,24,1
뚝섬유원지역 1번출구 앞,9,화요일,16,2
뚝섬유원지역 1번출구 앞,9,수요일,22,3
뚝섬유원지역 1번출구 앞,9,목요일,17,4
뚝섬유원지역 1번출구 앞,9,금요일,16,5
뚝섬유원지역 1번출구 앞,9,토요일,42,6
뚝섬유원지역 1번출구 앞,9,일요일,42,7
뚝섬유원지역 1번출구 앞,10,월요일,40,1
뚝섬유원지역 1번출구 앞,10,화요일,17,2
뚝섬유원지역 1번출구 앞,10,수요일,29,3
뚝섬유원지역 1번출구 앞,10,목요일,21,4
뚝섬유원지역 1번출구 앞,10,금요일,26,5
뚝섬유원지역 1번출구 앞,10,토요일,54,6
뚝섬유원지역 1번출구 앞,10,일요일,49,7
뚝섬유원지역 1번출구 앞,11,월요일,33,1
뚝섬유원지역 1번출구 앞,11,화요일,16,2
뚝섬유원지역 1번출구 앞,11,수요일,25,3
뚝섬유원지역 1번출구 앞,11,목요일,29,4
뚝섬유원지역 1번출구 앞,11,금요일,31,5
뚝섬유원지역 1번출구 앞,11,토요일,41,6
뚝섬유원지역 1번출구 앞,11,일요일,64,7
뚝섬유원지역 1번출구 앞,12,월요일,31,1
뚝섬유원지역 1번출구 앞,12,화요일,26,2
뚝섬유원지역 1번출구 앞,12,수요일,33,3
뚝섬유원지역 1번출구 앞,12,목요일,20,4
뚝섬유원지역 1번출구 앞,12,금요일,22,5
뚝섬유원지역 1번출구 앞,12,토요일,53,6
뚝섬유원지역 1번출구 앞,12,일요일,65,7
뚝섬유원지역 1번출구 앞,13,월요일,34,1
뚝섬유원지역 1번출구 앞,13,화요일,17,2
뚝섬유원지역 1번출구 앞,13,수요일,15,3
뚝섬유원지역 1번출구 앞,13,목요일,27,4
뚝섬유원지역 1번출구 앞,13,금요일,54,5
뚝섬유원지역 1번출구 앞,13,토요일,53,6
뚝섬유원지역 1번출구 앞,13,일요일,66,7
뚝섬유원지역 1번출구 앞,14,월요일,38,1
뚝섬유원지역 1번출구 앞,14,화요일,27,2
뚝섬유원지역 1번출구 앞,14,수요일,37,3
뚝섬유원지역 1번출구 앞,14,목요일,26,4
뚝섬유원지역 1번출구 앞,14,금요일,29,5
뚝섬유원지역 1번출구 앞,14,토요일,90,6
뚝섬유원지역 1번출구 앞,14,일요일,81,7
뚝섬유원지역 1번출구 앞,15,월요일,59,1
뚝섬유원지역 1번출구 앞,15,화요일,43,2
뚝섬유원지역 1번출구 앞,15,수요일,34,3
뚝섬유원지역 1번출구 앞,15,목요일,42,4
뚝섬유원지역 1번출구 앞,15,금요일,55,5
뚝섬유원지역 1번출구 앞,15,토요일,115,6
뚝섬유원지역 1번출구 앞,15,일요일,140,7
뚝섬유원지역 1번출구 앞,16,월요일,87,1
뚝섬유원지역 1번출구 앞,16,화요일,42,2
뚝섬유원지역 1번출구 앞,16,수요일,60,3
뚝섬유원지역 1번출구 앞,16,목요일,55,4
뚝섬유원지역 1번출구 앞,16,금요일,81,5
뚝섬유원지역 1번출구 앞,16,토요일,140,6
뚝섬유원지역 1번출구 앞,16,일요일,192,7
뚝섬유원지역 1번출구 앞,17,월요일,122,1
뚝섬유원지역 1번출구 앞,17,화요일,88,2
뚝섬유원지역 1번출구 앞,17,수요일,82,3
뚝섬유원지역 1번출구 앞,17,목요일,92,4
뚝섬유원지역 1번출구 앞,17,금요일,142,5
뚝섬유원지역 1번출구 앞,17,토요일,196,6
뚝섬유원지역 1번출구 앞,17,일요일,218,7
뚝섬유원지역 1번출구 앞,18,월요일,230,1
뚝섬유원지역 1번출구 앞,18,화요일,179,2
뚝섬유원지역 1번출구 앞,18,수요일,141,3
뚝섬유원지역 1번출구 앞,18,목요일,151,4
뚝섬유원지역 1번출구 앞,18,금요일,206,5
뚝섬유원지역 1번출구 앞,18,토요일,253,6
뚝섬유원지역 1번출구 앞,18,일요일,236,7
뚝섬유원지역 1번출구 앞,19,월요일,221,1
뚝섬유원지역 1번출구 앞,19,화요일,167,2
뚝섬유원지역 1번출구 앞,19,수요일,110,3
뚝섬유원지역 1번출구 앞,19,목요일,180,4
뚝섬유원지역 1번출구 앞,19,금요일,283,5
뚝섬유원지역 1번출구 앞,19,토요일,364,6
뚝섬유원지역 1번출구 앞,19,일요일,383,7
뚝섬유원지역 1번출구 앞,20,월요일,249,1
뚝섬유원지역 1번출구 앞,20,화요일,225,2
뚝섬유원지역 1번출구 앞,20,수요일,148,3
뚝섬유원지역 1번출구 앞,20,목요일,200,4
뚝섬유원지역 1번출구 앞,20,금요일,285,5
뚝섬유원지역 1번출구 앞,20,토요일,414,6
뚝섬유원지역 1번출구 앞,20,일요일,380,7
뚝섬유원지역 1번출구 앞,21,월요일,302,1
뚝섬유원지역 1번출구 앞,21,화요일,271,2
뚝섬유원지역 1번출구 앞,21,수요일,186,3
뚝섬유원지역 1번출구 앞,21,목요일,275,4
뚝섬유원지역 1번출구 앞,21,금요일,337,5
뚝섬유원지역 1번출구 앞,21,토요일,466,6
뚝섬유원지역 1번출구 앞,21,일요일,380,7
뚝섬유원지역 1번출구 앞,22,월요일,259,1
뚝섬유원지역 1번출구 앞,22,화요일,217,2
뚝섬유원지역 1번출구 앞,22,수요일,111,3
뚝섬유원지역 1번출구 앞,22,목요일,215,4
뚝섬유원지역 1번출구 앞,22,금요일,333,5
뚝섬유원지역 1번출구 앞,22,토요일,335,6
뚝섬유원지역 1번출구 앞,22,일요일,312,7
뚝섬유원지역 1번출구 앞,23,월요일,197,1
뚝섬유원지역 1번출구 앞,23,화요일,99,2
뚝섬유원지역 1번출구 앞,23,수요일,77,3
뚝섬유원지역 1번출구 앞,23,목요일,107,4
뚝섬유원지역 1번출구 앞,23,금요일,235,5
뚝섬유원지역 1번출구 앞,23,토요일,253,6
뚝섬유원지역 1번출구 앞,23,일요일,194,7
뚝섬유원지역 1번출구 앞,24,월요일,102,1
뚝섬유원지역 1번출구 앞,24,화요일,82,2
뚝섬유원지역 1번출구 앞,24,수요일,70,3
뚝섬유원지역 1번출구 앞,24,목요일,34,4
뚝섬유원지역 1번출구 앞,24,금요일,63,5
뚝섬유원지역 1번출구 앞,24,토요일,126,6
뚝섬유원지역 1번출구 앞,24,일요일,155,7
마포구민체육센터 앞,1,월요일,55,1
마포구민체육센터 앞,1,화요일,35,2
마포구민체육센터 앞,1,수요일,26,3
마포구민체육센터 앞,1,목요일,21,4
마포구민체육센터 앞,1,금요일,32,5
마포구민체육센터 앞,1,토요일,58,6
마포구민체육센터 앞,1,일요일,85,7
마포구민체육센터 앞,2,월요일,19,1
마포구민체육센터 앞,2,화요일,15,2
마포구민체육센터 앞,2,수요일,25,3
마포구민체육센터 앞,2,목요일,14,4
마포구민체육센터 앞,2,금요일,25,5
마포구민체육센터 앞,2,토요일,40,6
마포구민체육센터 앞,2,일요일,25,7
마포구민체육센터 앞,3,월요일,13,1
마포구민체육센터 앞,3,화요일,8,2
마포구민체육센터 앞,3,수요일,18,3
마포구민체육센터 앞,3,목요일,5,4
마포구민체육센터 앞,3,금요일,7,5
마포구민체육센터 앞,3,토요일,13,6
마포구민체육센터 앞,3,일요일,15,7
마포구민체육센터 앞,4,월요일,4,1
마포구민체육센터 앞,4,화요일,14,2
마포구민체육센터 앞,4,수요일,2,3
마포구민체육센터 앞,4,목요일,3,4
마포구민체육센터 앞,4,금요일,6,5
마포구민체육센터 앞,4,토요일,9,6
마포구민체육센터 앞,4,일요일,19,7
마포구민체육센터 앞,5,월요일,9,1
마포구민체육센터 앞,5,화요일,11,2
마포구민체육센터 앞,5,수요일,5,3
마포구민체육센터 앞,5,목요일,2,4
마포구민체육센터 앞,5,금요일,3,5
마포구민체육센터 앞,5,토요일,10,6
마포구민체육센터 앞,5,일요일,9,7
마포구민체육센터 앞,6,월요일,17,1
마포구민체육센터 앞,6,화요일,13,2
마포구민체육센터 앞,6,수요일,15,3
마포구민체육센터 앞,6,목요일,11,4
마포구민체육센터 앞,6,금요일,6,5
마포구민체육센터 앞,6,토요일,26,6
마포구민체육센터 앞,6,일요일,18,7
마포구민체육센터 앞,7,월요일,46,1
마포구민체육센터 앞,7,화요일,42,2
마포구민체육센터 앞,7,수요일,37,3
마포구민체육센터 앞,7,목요일,31,4
마포구민체육센터 앞,7,금요일,30,5
마포구민체육센터 앞,7,토요일,26,6
마포구민체육센터 앞,7,일요일,21,7
마포구민체육센터 앞,8,월요일,48,1
마포구민체육센터 앞,8,화요일,49,2
마포구민체육센터 앞,8,수요일,34,3
마포구민체육센터 앞,8,목요일,32,4
마포구민체육센터 앞,8,금요일,52,5
마포구민체육센터 앞,8,토요일,35,6
마포구민체육센터 앞,8,일요일,26,7
마포구민체육센터 앞,9,월요일,23,1
마포구민체육센터 앞,9,화요일,28,2
마포구민체육센터 앞,9,수요일,25,3
마포구민체육센터 앞,9,목요일,18,4
마포구민체육센터 앞,9,금요일,19,5
마포구민체육센터 앞,9,토요일,54,6
마포구민체육센터 앞,9,일요일,29,7
마포구민체육센터 앞,10,월요일,41,1
마포구민체육센터 앞,10,화요일,17,2
마포구민체육센터 앞,10,수요일,22,3
마포구민체육센터 앞,10,목요일,20,4
마포구민체육센터 앞,10,금요일,30,5
마포구민체육센터 앞,10,토요일,34,6
마포구민체육센터 앞,10,일요일,34,7
마포구민체육센터 앞,11,월요일,29,1
마포구민체육센터 앞,11,화요일,19,2
마포구민체육센터 앞,11,수요일,17,3
마포구민체육센터 앞,11,목요일,25,4
마포구민체육센터 앞,11,금요일,26,5
마포구민체육센터 앞,11,토요일,45,6
마포구민체육센터 앞,11,일요일,37,7
마포구민체육센터 앞,12,월요일,39,1
마포구민체육센터 앞,12,화요일,12,2
마포구민체육센터 앞,12,수요일,27,3
마포구민체육센터 앞,12,목요일,21,4
마포구민체육센터 앞,12,금요일,18,5
마포구민체육센터 앞,12,토요일,42,6
마포구민체육센터 앞,12,일요일,53,7
마포구민체육센터 앞,13,월요일,37,1
마포구민체육센터 앞,13,화요일,33,2
마포구민체육센터 앞,13,수요일,30,3
마포구민체육센터 앞,13,목요일,26,4
마포구민체육센터 앞,13,금요일,43,5
마포구민체육센터 앞,13,토요일,46,6
마포구민체육센터 앞,13,일요일,36,7
마포구민체육센터 앞,14,월요일,23,1
마포구민체육센터 앞,14,화요일,20,2
마포구민체육센터 앞,14,수요일,36,3
마포구민체육센터 앞,14,목요일,26,4
마포구민체육센터 앞,14,금요일,40,5
마포구민체육센터 앞,14,토요일,45,6
마포구민체육센터 앞,14,일요일,71,7
마포구민체육센터 앞,15,월요일,45,1
마포구민체육센터 앞,15,화요일,21,2
마포구민체육센터 앞,15,수요일,30,3
마포구민체육센터 앞,15,목요일,41,4
마포구민체육센터 앞,15,금요일,44,5
마포구민체육센터 앞,15,토요일,61,6
마포구민체육센터 앞,15,일요일,70,7
마포구민체육센터 앞,16,월요일,63,1
마포구민체육센터 앞,16,화요일,38,2
마포구민체육센터 앞,16,수요일,42,3
마포구민체육센터 앞,16,목요일,49,4
마포구민체육센터 앞,16,금요일,64,5
마포구민체육센터 앞,16,토요일,90,6
마포구민체육센터 앞,16,일요일,113,7
마포구민체육센터 앞,17,월요일,75,1
마포구민체육센터 앞,17,화요일,64,2
마포구민체육센터 앞,17,수요일,49,3
마포구민체육센터 앞,17,목요일,50,4
마포구민체육센터 앞,17,금요일,90,5
마포구민체육센터 앞,17,토요일,127,6
마포구민체육센터 앞,17,일요일,146,7
마포구민체육센터 앞,18,월요일,141,1
마포구민체육센터 앞,18,화요일,85,2
마포구민체육센터 앞,18,수요일,67,3
마포구민체육센터 앞,18,목요일,111,4
마포구민체육센터 앞,18,금요일,101,5
마포구민체육센터 앞,18,토요일,158,6
마포구민체육센터 앞,18,일요일,189,7
마포구민체육센터 앞,19,월요일,166,1
마포구민체육센터 앞,19,화요일,124,2
마포구민체육센터 앞,19,수요일,71,3
마포구민체육센터 앞,19,목요일,117,4
마포구민체육센터 앞,19,금요일,179,5
마포구민체육센터 앞,19,토요일,224,6
마포구민체육센터 앞,19,일요일,288,7
마포구민체육센터 앞,20,월요일,220,1
마포구민체육센터 앞,20,화요일,147,2
마포구민체육센터 앞,20,수요일,93,3
마포구민체육센터 앞,20,목요일,138,4
마포구민체육센터 앞,20,금요일,180,5
마포구민체육센터 앞,20,토요일,298,6
마포구민체육센터 앞,20,일요일,313,7
마포구민체육센터 앞,21,월요일,212,1
마포구민체육센터 앞,21,화요일,160,2
마포구민체육센터 앞,21,수요일,129,3
마포구민체육센터 앞,21,목요일,123,4
마포구민체육센터 앞,21,금요일,227,5
마포구민체육센터 앞,21,토요일,277,6
마포구민체육센터 앞,21,일요일,295,7
마포구민체육센터 앞,22,월요일,228,1
마포구민체육센터 앞,22,화요일,158,2
마포구민체육센터 앞,22,수요일,100,3
마포구민체육센터 앞,22,목요일,96,4
마포구민체육센터 앞,22,금요일,236,5
마포구민체육센터 앞,22,토요일,236,6
마포구민체육센터 앞,22,일요일,232,7
마포구민체육센터 앞,23,월요일,114,1
마포구민체육센터 앞,23,화요일,97,2
마포구민체육센터 앞,23,수요일,76,3
마포구민체육센터 앞,23,목요일,80,4
마포구민체육센터 앞,23,금요일,165,5
마포구민체육센터 앞,23,토요일,185,6
마포구민체육센터 앞,23,일요일,120,7
마포구민체육센터 앞,24,월요일,78,1
마포구민체육센터 앞,24,화요일,62,2
마포구민체육센터 앞,24,수요일,49,3
마포구민체육센터 앞,24,목요일,23,4
마포구민체육센터 앞,24,금요일,41,5
마포구민체육센터 앞,24,토요일,104,6
마포구민체육센터 앞,24,일요일,104,7
봉림교 교통섬,1,월요일,71,1
봉림교 교통섬,1,화요일,55,2
봉림교 교통섬,1,수요일,43,3
봉림교 교통섬,1,목요일,36,4
봉림교 교통섬,1,금요일,46,5
봉림교 교통섬,1,토요일,75,6
봉림교 교통섬,1,일요일,73,7
봉림교 교통섬,2,월요일,23,1
봉림교 교통섬,2,화요일,51,2
봉림교 교통섬,2,수요일,42,3
봉림교 교통섬,2,목요일,20,4
봉림교 교통섬,2,금요일,29,5
봉림교 교통섬,2,토요일,65,6
봉림교 교통섬,2,일요일,46,7
봉림교 교통섬,3,월요일,40,1
봉림교 교통섬,3,화요일,26,2
봉림교 교통섬,3,수요일,31,3
봉림교 교통섬,3,목요일,19,4
봉림교 교통섬,3,금요일,32,5
봉림교 교통섬,3,토요일,65,6
봉림교 교통섬,3,일요일,41,7
봉림교 교통섬,4,월요일,15,1
봉림교 교통섬,4,화요일,13,2
봉림교 교통섬,4,수요일,14,3
봉림교 교통섬,4,목요일,12,4
봉림교 교통섬,4,금요일,10,5
봉림교 교통섬,4,토요일,24,6
봉림교 교통섬,4,일요일,15,7
봉림교 교통섬,5,월요일,14,1
봉림교 교통섬,5,화요일,9,2
봉림교 교통섬,5,수요일,10,3
봉림교 교통섬,5,목요일,6,4
봉림교 교통섬,5,금요일,10,5
봉림교 교통섬,5,토요일,12,6
봉림교 교통섬,5,일요일,13,7
봉림교 교통섬,6,월요일,19,1
봉림교 교통섬,6,화요일,8,2
봉림교 교통섬,6,수요일,6,3
봉림교 교통섬,6,목요일,13,4
봉림교 교통섬,6,금요일,7,5
봉림교 교통섬,6,토요일,12,6
봉림교 교통섬,6,일요일,10,7
봉림교 교통섬,7,월요일,36,1
봉림교 교통섬,7,화요일,26,2
봉림교 교통섬,7,수요일,17,3
봉림교 교통섬,7,목요일,20,4
봉림교 교통섬,7,금요일,22,5
봉림교 교통섬,7,토요일,10,6
봉림교 교통섬,7,일요일,11,7
봉림교 교통섬,8,월요일,88,1
봉림교 교통섬,8,화요일,61,2
봉림교 교통섬,8,수요일,45,3
봉림교 교통섬,8,목요일,64,4
봉림교 교통섬,8,금요일,55,5
봉림교 교통섬,8,토요일,30,6
봉림교 교통섬,8,일요일,19,7
봉림교 교통섬,9,월요일,30,1
봉림교 교통섬,9,화요일,15,2
봉림교 교통섬,9,수요일,15,3
봉림교 교통섬,9,목요일,14,4
봉림교 교통섬,9,금요일,14,5
봉림교 교통섬,9,토요일,33,6
봉림교 교통섬,9,일요일,22,7
봉림교 교통섬,10,월요일,31,1
봉림교 교통섬,10,화요일,19,2
봉림교 교통섬,10,수요일,18,3
봉림교 교통섬,10,목요일,28,4
봉림교 교통섬,10,금요일,33,5
봉림교 교통섬,10,토요일,34,6
봉림교 교통섬,10,일요일,32,7
봉림교 교통섬,11,월요일,21,1
봉림교 교통섬,11,화요일,21,2
봉림교 교통섬,11,수요일,17,3
봉림교 교통섬,11,목요일,25,4
봉림교 교통섬,11,금요일,26,5
봉림교 교통섬,11,토요일,35,6
봉림교 교통섬,11,일요일,33,7
봉림교 교통섬,12,월요일,32,1
봉림교 교통섬,12,화요일,30,2
봉림교 교통섬,12,수요일,21,3
봉림교 교통섬,12,목요일,30,4
봉림교 교통섬,12,금요일,45,5
봉림교 교통섬,12,토요일,44,6
봉림교 교통섬,12,일요일,42,7
봉림교 교통섬,13,월요일,31,1
봉림교 교통섬,13,화요일,30,2
봉림교 교통섬,13,수요일,21,3
봉림교 교통섬,13,목요일,25,4
봉림교 교통섬,13,금요일,35,5
봉림교 교통섬,13,토요일,71,6
봉림교 교통섬,13,일요일,67,7
봉림교 교통섬,14,월요일,52,1
봉림교 교통섬,14,화요일,25,2
봉림교 교통섬,14,수요일,25,3
봉림교 교통섬,14,목요일,35,4
봉림교 교통섬,14,금요일,32,5
봉림교 교통섬,14,토요일,46,6
봉림교 교통섬,14,일요일,70,7
봉림교 교통섬,15,월요일,49,1
봉림교 교통섬,15,화요일,42,2
봉림교 교통섬,15,수요일,29,3
봉림교 교통섬,15,목요일,46,4
봉림교 교통섬,15,금요일,49,5
봉림교 교통섬,15,토요일,65,6
봉림교 교통섬,15,일요일,72,7
봉림교 교통섬,16,월요일,65,1
봉림교 교통섬,16,화요일,56,2
봉림교 교통섬,16,수요일,57,3
봉림교 교통섬,16,목요일,33,4
봉림교 교통섬,16,금요일,65,5
봉림교 교통섬,16,토요일,83,6
봉림교 교통섬,16,일요일,96,7
봉림교 교통섬,17,월요일,109,1
봉림교 교통섬,17,화요일,91,2
봉림교 교통섬,17,수요일,57,3
봉림교 교통섬,17,목요일,62,4
봉림교 교통섬,17,금요일,80,5
봉림교 교통섬,17,토요일,98,6
봉림교 교통섬,17,일요일,137,7
봉림교 교통섬,18,월요일,148,1
봉림교 교통섬,18,화요일,127,2
봉림교 교통섬,18,수요일,85,3
봉림교 교통섬,18,목요일,107,4
봉림교 교통섬,18,금요일,138,5
봉림교 교통섬,18,토요일,122,6
봉림교 교통섬,18,일요일,145,7
봉림교 교통섬,19,월요일,211,1
봉림교 교통섬,19,화요일,190,2
봉림교 교통섬,19,수요일,89,3
봉림교 교통섬,19,목요일,120,4
봉림교 교통섬,19,금요일,129,5
봉림교 교통섬,19,토요일,143,6
봉림교 교통섬,19,일요일,169,7
봉림교 교통섬,20,월요일,181,1
봉림교 교통섬,20,화요일,180,2
봉림교 교통섬,20,수요일,102,3
봉림교 교통섬,20,목요일,143,4
봉림교 교통섬,20,금요일,171,5
봉림교 교통섬,20,토요일,185,6
봉림교 교통섬,20,일요일,169,7
봉림교 교통섬,21,월요일,168,1
봉림교 교통섬,21,화요일,193,2
봉림교 교통섬,21,수요일,103,3
봉림교 교통섬,21,목요일,137,4
봉림교 교통섬,21,금요일,189,5
봉림교 교통섬,21,토요일,174,6
봉림교 교통섬,21,일요일,197,7
봉림교 교통섬,22,월요일,171,1
봉림교 교통섬,22,화요일,186,2
봉림교 교통섬,22,수요일,91,3
봉림교 교통섬,22,목요일,108,4
봉림교 교통섬,22,금요일,191,5
봉림교 교통섬,22,토요일,177,6
봉림교 교통섬,22,일요일,169,7
봉림교 교통섬,23,월요일,154,1
봉림교 교통섬,23,화요일,119,2
봉림교 교통섬,23,수요일,70,3
봉림교 교통섬,23,목요일,88,4
봉림교 교통섬,23,금요일,143,5
봉림교 교통섬,23,토요일,121,6
봉림교 교통섬,23,일요일,127,7
봉림교 교통섬,24,월요일,90,1
봉림교 교통섬,24,화요일,79,2
봉림교 교통섬,24,수요일,80,3
봉림교 교통섬,24,목요일,58,4
봉림교 교통섬,24,금요일,64,5
봉림교 교통섬,24,토요일,109,6
봉림교 교통섬,24,일요일,107,7
여의나루역 1번출구 앞,1,월요일,86,1
여의나루역 1번출구 앞,1,화요일,61,2
여의나루역 1번출구 앞,1,수요일,58,3
여의나루역 1번출구 앞,1,목요일,38,4
여의나루역 1번출구 앞,1,금요일,50,5
여의나루역 1번출구 앞,1,토요일,79,6
여의나루역 1번출구 앞,1,일요일,127,7
여의나루역 1번출구 앞,2,월요일,65,1
여의나루역 1번출구 앞,2,화요일,43,2
여의나루역 1번출구 앞,2,수요일,22,3
여의나루역 1번출구 앞,2,목요일,11,4
여의나루역 1번출구 앞,2,금요일,42,5
여의나루역 1번출구 앞,2,토요일,48,6
여의나루역 1번출구 앞,2,일요일,60,7
여의나루역 1번출구 앞,3,월요일,29,1
여의나루역 1번출구 앞,3,화요일,17,2
여의나루역 1번출구 앞,3,수요일,17,3
여의나루역 1번출구 앞,3,목요일,7,4
여의나루역 1번출구 앞,3,금요일,13,5
여의나루역 1번출구 앞,3,토요일,40,6
여의나루역 1번출구 앞,3,일요일,20,7
여의나루역 1번출구 앞,4,월요일,10,1
여의나루역 1번출구 앞,4,화요일,6,2
여의나루역 1번출구 앞,4,수요일,8,3
여의나루역 1번출구 앞,4,목요일,7,4
여의나루역 1번출구 앞,4,금요일,7,5
여의나루역 1번출구 앞,4,토요일,20,6
여의나루역 1번출구 앞,4,일요일,18,7
여의나루역 1번출구 앞,5,월요일,11,1
여의나루역 1번출구 앞,5,화요일,3,2
여의나루역 1번출구 앞,5,수요일,7,3
여의나루역 1번출구 앞,5,목요일,4,4
여의나루역 1번출구 앞,5,금요일,4,5
여의나루역 1번출구 앞,5,토요일,9,6
여의나루역 1번출구 앞,5,일요일,27,7
여의나루역 1번출구 앞,6,월요일,23,1
여의나루역 1번출구 앞,6,화요일,21,2
여의나루역 1번출구 앞,6,수요일,20,3
여의나루역 1번출구 앞,6,목요일,15,4
여의나루역 1번출구 앞,6,금요일,15,5
여의나루역 1번출구 앞,6,토요일,8,6
여의나루역 1번출구 앞,6,일요일,22,7
여의나루역 1번출구 앞,7,월요일,123,1
여의나루역 1번출구 앞,7,화요일,59,2
여의나루역 1번출구 앞,7,수요일,58,3
여의나루역 1번출구 앞,7,목요일,69,4
여의나루역 1번출구 앞,7,금요일,65,5
여의나루역 1번출구 앞,7,토요일,23,6
여의나루역 1번출구 앞,7,일요일,8,7
여의나루역 1번출구 앞,8,월요일,166,1
여의나루역 1번출구 앞,8,화요일,91,2
여의나루역 1번출구 앞,8,수요일,73,3
여의나루역 1번출구 앞,8,목요일,89,4
여의나루역 1번출구 앞,8,금요일,104,5
여의나루역 1번출구 앞,8,토요일,23,6
여의나루역 1번출구 앞,8,일요일,18,7
여의나루역 1번출구 앞,9,월요일,26,1
여의나루역 1번출구 앞,9,화요일,20,2
여의나루역 1번출구 앞,9,수요일,18,3
여의나루역 1번출구 앞,9,목요일,13,4
여의나루역 1번출구 앞,9,금요일,23,5
여의나루역 1번출구 앞,9,토요일,21,6
여의나루역 1번출구 앞,9,일요일,30,7
여의나루역 1번출구 앞,10,월요일,29,1
여의나루역 1번출구 앞,10,화요일,16,2
여의나루역 1번출구 앞,10,수요일,13,3
여의나루역 1번출구 앞,10,목요일,17,4
여의나루역 1번출구 앞,10,금요일,24,5
여의나루역 1번출구 앞,10,토요일,31,6
여의나루역 1번출구 앞,10,일요일,49,7
여의나루역 1번출구 앞,11,월요일,67,1
여의나루역 1번출구 앞,11,화요일,29,2
여의나루역 1번출구 앞,11,수요일,31,3
여의나루역 1번출구 앞,11,목요일,13,4
여의나루역 1번출구 앞,11,금요일,25,5
여의나루역 1번출구 앞,11,토요일,37,6
여의나루역 1번출구 앞,11,일요일,49,7
여의나루역 1번출구 앞,12,월요일,45,1
여의나루역 1번출구 앞,12,화요일,28,2
여의나루역 1번출구 앞,12,수요일,27,3
여의나루역 1번출구 앞,12,목요일,32,4
여의나루역 1번출구 앞,12,금요일,37,5
여의나루역 1번출구 앞,12,토요일,40,6
여의나루역 1번출구 앞,12,일요일,51,7
여의나루역 1번출구 앞,13,월요일,39,1
여의나루역 1번출구 앞,13,화요일,20,2
여의나루역 1번출구 앞,13,수요일,19,3
여의나루역 1번출구 앞,13,목요일,25,4
여의나루역 1번출구 앞,13,금요일,32,5
여의나루역 1번출구 앞,13,토요일,52,6
여의나루역 1번출구 앞,13,일요일,74,7
여의나루역 1번출구 앞,14,월요일,66,1
여의나루역 1번출구 앞,14,화요일,34,2
여의나루역 1번출구 앞,14,수요일,31,3
여의나루역 1번출구 앞,14,목요일,39,4
여의나루역 1번출구 앞,14,금요일,43,5
여의나루역 1번출구 앞,14,토요일,80,6
여의나루역 1번출구 앞,14,일요일,86,7
여의나루역 1번출구 앞,15,월요일,70,1
여의나루역 1번출구 앞,15,화요일,77,2
여의나루역 1번출구 앞,15,수요일,43,3
여의나루역 1번출구 앞,15,목요일,42,4
여의나루역 1번출구 앞,15,금요일,67,5
여의나루역 1번출구 앞,15,토요일,81,6
여의나루역 1번출구 앞,15,일요일,135,7
여의나루역 1번출구 앞,16,월요일,143,1
여의나루역 1번출구 앞,16,화요일,87,2
여의나루역 1번출구 앞,16,수요일,47,3
여의나루역 1번출구 앞,16,목요일,71,4
여의나루역 1번출구 앞,16,금요일,82,5
여의나루역 1번출구 앞,16,토요일,143,6
여의나루역 1번출구 앞,16,일요일,157,7
여의나루역 1번출구 앞,17,월요일,247,1
여의나루역 1번출구 앞,17,화요일,175,2
여의나루역 1번출구 앞,17,수요일,90,3
여의나루역 1번출구 앞,17,목요일,128,4
여의나루역 1번출구 앞,17,금요일,163,5
여의나루역 1번출구 앞,17,토요일,186,6
여의나루역 1번출구 앞,17,일요일,228,7
여의나루역 1번출구 앞,18,월요일,220,1
여의나루역 1번출구 앞,18,화요일,179,2
여의나루역 1번출구 앞,18,수요일,105,3
여의나루역 1번출구 앞,18,목요일,100,4
여의나루역 1번출구 앞,18,금요일,159,5
여의나루역 1번출구 앞,18,토요일,272,6
여의나루역 1번출구 앞,18,일요일,303,7
여의나루역 1번출구 앞,19,월요일,186,1
여의나루역 1번출구 앞,19,화요일,121,2
여의나루역 1번출구 앞,19,수요일,103,3
여의나루역 1번출구 앞,19,목요일,113,4
여의나루역 1번출구 앞,19,금요일,164,5
여의나루역 1번출구 앞,19,토요일,331,6
여의나루역 1번출구 앞,19,일요일,355,7
여의나루역 1번출구 앞,20,월요일,254,1
여의나루역 1번출구 앞,20,화요일,155,2
여의나루역 1번출구 앞,20,수요일,104,3
여의나루역 1번출구 앞,20,목요일,117,4
여의나루역 1번출구 앞,20,금요일,228,5
여의나루역 1번출구 앞,20,토요일,340,6
여의나루역 1번출구 앞,20,일요일,382,7
여의나루역 1번출구 앞,21,월요일,252,1
여의나루역 1번출구 앞,21,화요일,206,2
여의나루역 1번출구 앞,21,수요일,119,3
여의나루역 1번출구 앞,21,목요일,190,4
여의나루역 1번출구 앞,21,금요일,261,5
여의나루역 1번출구 앞,21,토요일,338,6
여의나루역 1번출구 앞,21,일요일,359,7
여의나루역 1번출구 앞,22,월요일,187,1
여의나루역 1번출구 앞,22,화요일,170,2
여의나루역 1번출구 앞,22,수요일,100,3
여의나루역 1번출구 앞,22,목요일,136,4
여의나루역 1번출구 앞,22,금요일,282,5
여의나루역 1번출구 앞,22,토요일,276,6
여의나루역 1번출구 앞,22,일요일,295,7
여의나루역 1번출구 앞,23,월요일,147,1
여의나루역 1번출구 앞,23,화요일,117,2
여의나루역 1번출구 앞,23,수요일,76,3
여의나루역 1번출구 앞,23,목요일,85,4
여의나루역 1번출구 앞,23,금요일,48,5
여의나루역 1번출구 앞,23,금요일,241,5
여의나루역 1번출구 앞,23,토요일,240,6
여의나루역 1번출구 앞,23,일요일,180,7
여의나루역 1번출구 앞,24,월요일,153,1
여의나루역 1번출구 앞,24,화요일,92,2
여의나루역 1번출구 앞,24,수요일,69,3
여의나루역 1번출구 앞,24,목요일,33,4
여의나루역 1번출구 앞,24,토요일,174,6
여의나루역 1번출구 앞,24,일요일,192,7
옥수역 3번출구,1,월요일,11,1
옥수역 3번출구,1,화요일,16,2
옥수역 3번출구,1,수요일,11,3
옥수역 3번출구,1,목요일,7,4
옥수역 3번출구,1,금요일,16,5
옥수역 3번출구,1,토요일,18,6
옥수역 3번출구,1,일요일,28,7
옥수역 3번출구,2,월요일,6,1
옥수역 3번출구,2,화요일,6,2
옥수역 3번출구,2,수요일,11,3
옥수역 3번출구,2,목요일,3,4
옥수역 3번출구,2,금요일,4,5
옥수역 3번출구,2,토요일,17,6
옥수역 3번출구,2,일요일,15,7
옥수역 3번출구,3,월요일,6,1
옥수역 3번출구,3,화요일,5,2
옥수역 3번출구,3,수요일,5,3
옥수역 3번출구,3,목요일,8,4
옥수역 3번출구,3,금요일,3,5
옥수역 3번출구,3,토요일,9,6
옥수역 3번출구,3,일요일,4,7
옥수역 3번출구,4,월요일,9,1
옥수역 3번출구,4,화요일,2,2
옥수역 3번출구,4,수요일,3,3
옥수역 3번출구,4,목요일,2,4
옥수역 3번출구,4,금요일,1,5
옥수역 3번출구,4,토요일,6,6
옥수역 3번출구,4,일요일,6,7
옥수역 3번출구,5,월요일,7,1
옥수역 3번출구,5,화요일,4,2
옥수역 3번출구,5,수요일,4,3
옥수역 3번출구,5,목요일,2,4
옥수역 3번출구,5,금요일,5,5
옥수역 3번출구,5,토요일,14,6
옥수역 3번출구,5,일요일,2,7
옥수역 3번출구,6,월요일,20,1
옥수역 3번출구,6,화요일,22,2
옥수역 3번출구,6,수요일,19,3
옥수역 3번출구,6,목요일,11,4
옥수역 3번출구,6,금요일,20,5
옥수역 3번출구,6,토요일,9,6
옥수역 3번출구,6,일요일,8,7
옥수역 3번출구,7,월요일,40,1
옥수역 3번출구,7,화요일,43,2
옥수역 3번출구,7,수요일,38,3
옥수역 3번출구,7,목요일,30,4
옥수역 3번출구,7,금요일,25,5
옥수역 3번출구,7,토요일,25,6
옥수역 3번출구,7,일요일,24,7
옥수역 3번출구,8,월요일,65,1
옥수역 3번출구,8,화요일,50,2
옥수역 3번출구,8,수요일,32,3
옥수역 3번출구,8,목요일,38,4
옥수역 3번출구,8,금요일,44,5
옥수역 3번출구,8,토요일,21,6
옥수역 3번출구,8,일요일,35,7
옥수역 3번출구,9,월요일,42,1
옥수역 3번출구,9,화요일,25,2
옥수역 3번출구,9,수요일,19,3
옥수역 3번출구,9,목요일,26,4
옥수역 3번출구,9,금요일,24,5
옥수역 3번출구,9,토요일,38,6
옥수역 3번출구,9,일요일,49,7
옥수역 3번출구,10,월요일,54,1
옥수역 3번출구,10,화요일,19,2
옥수역 3번출구,10,수요일,28,3
옥수역 3번출구,10,목요일,33,4
옥수역 3번출구,10,금요일,19,5
옥수역 3번출구,10,토요일,56,6
옥수역 3번출구,10,일요일,42,7
옥수역 3번출구,11,월요일,21,1
옥수역 3번출구,11,화요일,18,2
옥수역 3번출구,11,수요일,14,3
옥수역 3번출구,11,목요일,19,4
옥수역 3번출구,11,금요일,26,5
옥수역 3번출구,11,토요일,36,6
옥수역 3번출구,11,일요일,38,7
옥수역 3번출구,12,월요일,27,1
옥수역 3번출구,12,화요일,26,2
옥수역 3번출구,12,수요일,9,3
옥수역 3번출구,12,목요일,16,4
옥수역 3번출구,12,금요일,24,5
옥수역 3번출구,12,토요일,36,6
옥수역 3번출구,12,일요일,42,7
옥수역 3번출구,13,월요일,25,1
옥수역 3번출구,13,화요일,19,2
옥수역 3번출구,13,수요일,6,3
옥수역 3번출구,13,목요일,22,4
옥수역 3번출구,13,금요일,15,5
옥수역 3번출구,13,토요일,45,6
옥수역 3번출구,13,일요일,42,7
옥수역 3번출구,14,월요일,31,1
옥수역 3번출구,14,화요일,24,2
옥수역 3번출구,14,수요일,19,3
옥수역 3번출구,14,목요일,22,4
옥수역 3번출구,14,금요일,28,5
옥수역 3번출구,14,토요일,50,6
옥수역 3번출구,14,일요일,51,7
옥수역 3번출구,15,월요일,44,1
옥수역 3번출구,15,화요일,34,2
옥수역 3번출구,15,수요일,21,3
옥수역 3번출구,15,목요일,27,4
옥수역 3번출구,15,금요일,38,5
옥수역 3번출구,15,토요일,49,6
옥수역 3번출구,15,일요일,61,7
옥수역 3번출구,16,월요일,60,1
옥수역 3번출구,16,화요일,70,2
옥수역 3번출구,16,수요일,44,3
옥수역 3번출구,16,목요일,46,4
옥수역 3번출구,16,금요일,37,5
옥수역 3번출구,16,토요일,66,6
옥수역 3번출구,16,일요일,74,7
옥수역 3번출구,17,월요일,85,1
옥수역 3번출구,17,화요일,63,2
옥수역 3번출구,17,수요일,45,3
옥수역 3번출구,17,목요일,48,4
옥수역 3번출구,17,금요일,62,5
옥수역 3번출구,17,토요일,68,6
옥수역 3번출구,17,일요일,71,7
옥수역 3번출구,18,월요일,169,1
옥수역 3번출구,18,화요일,104,2
옥수역 3번출구,18,수요일,51,3
옥수역 3번출구,18,목요일,98,4
옥수역 3번출구,18,금요일,170,5
옥수역 3번출구,18,토요일,77,6
옥수역 3번출구,18,일요일,82,7
옥수역 3번출구,19,월요일,140,1
옥수역 3번출구,19,화요일,106,2
옥수역 3번출구,19,수요일,53,3
옥수역 3번출구,19,목요일,74,4
옥수역 3번출구,19,금요일,117,5
옥수역 3번출구,19,토요일,130,6
옥수역 3번출구,19,일요일,110,7
옥수역 3번출구,20,월요일,147,1
옥수역 3번출구,20,화요일,130,2
옥수역 3번출구,20,수요일,77,3
옥수역 3번출구,20,목요일,95,4
옥수역 3번출구,20,금요일,140,5
옥수역 3번출구,20,토요일,111,6
옥수역 3번출구,20,일요일,144,7
옥수역 3번출구,21,월요일,126,1
옥수역 3번출구,21,화요일,124,2
옥수역 3번출구,21,수요일,52,3
옥수역 3번출구,21,목요일,83,4
옥수역 3번출구,21,금요일,120,5
옥수역 3번출구,21,토요일,149,6
옥수역 3번출구,21,일요일,103,7
옥수역 3번출구,22,월요일,86,1
옥수역 3번출구,22,화요일,80,2
옥수역 3번출구,22,수요일,64,3
옥수역 3번출구,22,목요일,60,4
옥수역 3번출구,22,금요일,117,5
옥수역 3번출구,22,토요일,99,6
옥수역 3번출구,22,일요일,100,7
옥수역 3번출구,23,월요일,55,1
옥수역 3번출구,23,화요일,42,2
옥수역 3번출구,23,수요일,44,3
옥수역 3번출구,23,목요일,38,4
옥수역 3번출구,23,금요일,80,5
옥수역 3번출구,23,토요일,56,6
옥수역 3번출구,23,일요일,65,7
옥수역 3번출구,24,월요일,23,1
옥수역 3번출구,24,화요일,25,2
옥수역 3번출구,24,수요일,27,3
옥수역 3번출구,24,목요일,12,4
옥수역 3번출구,24,금요일,22,5
옥수역 3번출구,24,토요일,44,6
옥수역 3번출구,24,일요일,32,7
월드컵공원,1,월요일,10,1
월드컵공원,1,화요일,9,2
월드컵공원,1,수요일,5,3
월드컵공원,1,목요일,2,4
월드컵공원,1,금요일,2,5
월드컵공원,1,토요일,5,6
월드컵공원,1,일요일,1,7
월드컵공원,2,월요일,2,1
월드컵공원,2,화요일,0,2
월드컵공원,2,수요일,0,3
월드컵공원,2,목요일,0,4
월드컵공원,2,금요일,3,5
월드컵공원,2,토요일,2,6
월드컵공원,2,일요일,1,7
월드컵공원,3,월요일,0,1
월드컵공원,3,화요일,0,2
월드컵공원,3,수요일,0,3
월드컵공원,3,목요일,0,4
월드컵공원,3,금요일,0,5
월드컵공원,3,토요일,4,6
월드컵공원,3,일요일,1,7
월드컵공원,4,월요일,0,1
월드컵공원,4,화요일,1,2
월드컵공원,4,수요일,0,3
월드컵공원,4,목요일,0,4
월드컵공원,4,금요일,0,5
월드컵공원,4,토요일,0,6
월드컵공원,4,일요일,0,7
월드컵공원,5,월요일,2,1
월드컵공원,5,화요일,1,2
월드컵공원,5,수요일,1,3
월드컵공원,5,금요일,3,5
월드컵공원,5,토요일,1,6
월드컵공원,5,목요일,0,4
월드컵공원,5,일요일,0,7
월드컵공원,6,월요일,5,1
월드컵공원,6,화요일,12,2
월드컵공원,6,수요일,10,3
월드컵공원,6,목요일,4,4
월드컵공원,6,금요일,6,5
월드컵공원,6,토요일,5,6
월드컵공원,6,일요일,6,7
월드컵공원,7,월요일,8,1
월드컵공원,7,화요일,8,2
월드컵공원,7,수요일,4,3
월드컵공원,7,목요일,6,4
월드컵공원,7,금요일,4,5
월드컵공원,7,토요일,15,6
월드컵공원,7,일요일,13,7
월드컵공원,8,월요일,18,1
월드컵공원,8,화요일,11,2
월드컵공원,8,수요일,6,3
월드컵공원,8,목요일,7,4
월드컵공원,8,금요일,10,5
월드컵공원,8,토요일,19,6
월드컵공원,8,일요일,31,7
월드컵공원,9,월요일,18,1
월드컵공원,9,화요일,17,2
월드컵공원,9,수요일,6,3
월드컵공원,9,목요일,4,4
월드컵공원,9,금요일,13,5
월드컵공원,9,토요일,34,6
월드컵공원,9,일요일,37,7
월드컵공원,10,월요일,15,1
월드컵공원,10,화요일,12,2
월드컵공원,10,수요일,6,3
월드컵공원,10,목요일,10,4
월드컵공원,10,금요일,8,5
월드컵공원,10,토요일,47,6
월드컵공원,10,일요일,58,7
월드컵공원,11,월요일,22,1
월드컵공원,11,화요일,14,2
월드컵공원,11,수요일,7,3
월드컵공원,11,목요일,8,4
월드컵공원,11,금요일,19,5
월드컵공원,11,토요일,47,6
월드컵공원,11,일요일,67,7
월드컵공원,12,월요일,19,1
월드컵공원,12,화요일,7,2
월드컵공원,12,수요일,19,3
월드컵공원,12,목요일,17,4
월드컵공원,12,금요일,15,5
월드컵공원,12,토요일,53,6
월드컵공원,12,일요일,81,7
월드컵공원,13,월요일,26,1
월드컵공원,13,화요일,9,2
월드컵공원,13,수요일,14,3
월드컵공원,13,목요일,10,4
월드컵공원,13,금요일,24,5
월드컵공원,13,토요일,53,6
월드컵공원,13,일요일,87,7
월드컵공원,14,월요일,23,1
월드컵공원,14,화요일,12,2
월드컵공원,14,수요일,16,3
월드컵공원,14,목요일,22,4
월드컵공원,14,금요일,31,5
월드컵공원,14,토요일,76,6
월드컵공원,14,일요일,87,7
월드컵공원,15,월요일,20,1
월드컵공원,15,화요일,29,2
월드컵공원,15,수요일,10,3
월드컵공원,15,목요일,25,4
월드컵공원,15,금요일,35,5
월드컵공원,15,토요일,75,6
월드컵공원,15,일요일,87,7
월드컵공원,16,월요일,47,1
월드컵공원,16,화요일,28,2
월드컵공원,16,수요일,19,3
월드컵공원,16,목요일,21,4
월드컵공원,16,금요일,48,5
월드컵공원,16,토요일,97,6
월드컵공원,16,일요일,99,7
월드컵공원,17,월요일,51,1
월드컵공원,17,화요일,51,2
월드컵공원,17,수요일,36,3
월드컵공원,17,목요일,52,4
월드컵공원,17,금요일,48,5
월드컵공원,17,토요일,89,6
월드컵공원,17,일요일,121,7
월드컵공원,18,월요일,64,1
월드컵공원,18,화요일,49,2
월드컵공원,18,수요일,37,3
월드컵공원,18,목요일,55,4
월드컵공원,18,금요일,59,5
월드컵공원,18,토요일,128,6
월드컵공원,18,일요일,135,7
월드컵공원,19,월요일,79,1
월드컵공원,19,화요일,57,2
월드컵공원,19,수요일,30,3
월드컵공원,19,목요일,41,4
월드컵공원,19,금요일,63,5
월드컵공원,19,토요일,110,6
월드컵공원,19,일요일,137,7
월드컵공원,20,월요일,44,1
월드컵공원,20,화요일,30,2
월드컵공원,20,수요일,24,3
월드컵공원,20,목요일,31,4
월드컵공원,20,금요일,67,5
월드컵공원,20,토요일,139,6
월드컵공원,20,일요일,114,7
월드컵공원,21,월요일,53,1
월드컵공원,21,화요일,38,2
월드컵공원,21,수요일,36,3
월드컵공원,21,목요일,26,4
월드컵공원,21,금요일,43,5
월드컵공원,21,토요일,76,6
월드컵공원,21,일요일,59,7
월드컵공원,22,월요일,34,1
월드컵공원,22,화요일,37,2
월드컵공원,22,수요일,16,3
월드컵공원,22,목요일,23,4
월드컵공원,22,금요일,37,5
월드컵공원,22,토요일,22,6
월드컵공원,22,일요일,35,7
월드컵공원,23,월요일,16,1
월드컵공원,23,화요일,8,2
월드컵공원,23,목요일,13,4
월드컵공원,23,금요일,26,5
월드컵공원,23,수요일,0,3
월드컵공원,23,토요일,29,6
월드컵공원,23,일요일,28,7
월드컵공원,24,월요일,13,1
월드컵공원,24,화요일,1,2
월드컵공원,24,수요일,3,3
월드컵공원,24,목요일,0,4
월드컵공원,24,금요일,7,5
월드컵공원,24,토요일,12,6
월드컵공원,24,일요일,16,7
청계천 생태교실 앞,1,월요일,24,1
청계천 생태교실 앞,1,화요일,28,2
청계천 생태교실 앞,1,수요일,23,3
청계천 생태교실 앞,1,목요일,9,4
청계천 생태교실 앞,1,금요일,10,5
청계천 생태교실 앞,1,토요일,35,6
청계천 생태교실 앞,1,일요일,47,7
청계천 생태교실 앞,2,월요일,11,1
청계천 생태교실 앞,2,화요일,8,2
청계천 생태교실 앞,2,수요일,8,3
청계천 생태교실 앞,2,목요일,14,4
청계천 생태교실 앞,2,금요일,17,5
청계천 생태교실 앞,2,토요일,23,6
청계천 생태교실 앞,2,일요일,12,7
청계천 생태교실 앞,3,월요일,13,1
청계천 생태교실 앞,3,화요일,7,2
청계천 생태교실 앞,3,수요일,7,3
청계천 생태교실 앞,3,목요일,1,4
청계천 생태교실 앞,3,금요일,8,5
청계천 생태교실 앞,3,토요일,13,6
청계천 생태교실 앞,3,일요일,8,7
청계천 생태교실 앞,4,월요일,4,1
청계천 생태교실 앞,4,화요일,4,2
청계천 생태교실 앞,4,수요일,6,3
청계천 생태교실 앞,4,목요일,6,4
청계천 생태교실 앞,4,금요일,7,5
청계천 생태교실 앞,4,토요일,16,6
청계천 생태교실 앞,4,일요일,5,7
청계천 생태교실 앞,5,월요일,9,1
청계천 생태교실 앞,5,화요일,8,2
청계천 생태교실 앞,5,수요일,8,3
청계천 생태교실 앞,5,목요일,5,4
청계천 생태교실 앞,5,금요일,6,5
청계천 생태교실 앞,5,토요일,7,6
청계천 생태교실 앞,5,일요일,9,7
청계천 생태교실 앞,6,월요일,17,1
청계천 생태교실 앞,6,화요일,22,2
청계천 생태교실 앞,6,수요일,16,3
청계천 생태교실 앞,6,목요일,13,4
청계천 생태교실 앞,6,금요일,13,5
청계천 생태교실 앞,6,토요일,12,6
청계천 생태교실 앞,6,일요일,19,7
청계천 생태교실 앞,7,월요일,56,1
청계천 생태교실 앞,7,화요일,46,2
청계천 생태교실 앞,7,수요일,32,3
청계천 생태교실 앞,7,목요일,27,4
청계천 생태교실 앞,7,금요일,27,5
청계천 생태교실 앞,7,토요일,21,6
청계천 생태교실 앞,7,일요일,25,7
청계천 생태교실 앞,8,월요일,34,1
청계천 생태교실 앞,8,화요일,36,2
청계천 생태교실 앞,8,수요일,42,3
청계천 생태교실 앞,8,목요일,26,4
청계천 생태교실 앞,8,금요일,27,5
청계천 생태교실 앞,8,토요일,34,6
청계천 생태교실 앞,8,일요일,41,7
청계천 생태교실 앞,9,월요일,35,1
청계천 생태교실 앞,9,화요일,27,2
청계천 생태교실 앞,9,수요일,20,3
청계천 생태교실 앞,9,목요일,16,4
청계천 생태교실 앞,9,금요일,24,5
청계천 생태교실 앞,9,토요일,58,6
청계천 생태교실 앞,9,일요일,47,7
청계천 생태교실 앞,10,월요일,23,1
청계천 생태교실 앞,10,화요일,20,2
청계천 생태교실 앞,10,수요일,9,3
청계천 생태교실 앞,10,목요일,10,4
청계천 생태교실 앞,10,금요일,23,5
청계천 생태교실 앞,10,토요일,37,6
청계천 생태교실 앞,10,일요일,48,7
청계천 생태교실 앞,11,월요일,35,1
청계천 생태교실 앞,11,화요일,22,2
청계천 생태교실 앞,11,수요일,12,3
청계천 생태교실 앞,11,목요일,15,4
청계천 생태교실 앞,11,금요일,20,5
청계천 생태교실 앞,11,토요일,36,6
청계천 생태교실 앞,11,일요일,56,7
청계천 생태교실 앞,12,월요일,26,1
청계천 생태교실 앞,12,화요일,27,2
청계천 생태교실 앞,12,수요일,13,3
청계천 생태교실 앞,12,목요일,18,4
청계천 생태교실 앞,12,금요일,27,5
청계천 생태교실 앞,12,토요일,29,6
청계천 생태교실 앞,12,일요일,70,7
청계천 생태교실 앞,13,월요일,28,1
청계천 생태교실 앞,13,화요일,17,2
청계천 생태교실 앞,13,수요일,16,3
청계천 생태교실 앞,13,목요일,30,4
청계천 생태교실 앞,13,금요일,30,5
청계천 생태교실 앞,13,토요일,50,6
청계천 생태교실 앞,13,일요일,72,7
청계천 생태교실 앞,14,월요일,42,1
청계천 생태교실 앞,14,화요일,23,2
청계천 생태교실 앞,14,수요일,14,3
청계천 생태교실 앞,14,목요일,13,4
청계천 생태교실 앞,14,금요일,49,5
청계천 생태교실 앞,14,토요일,46,6
청계천 생태교실 앞,14,일요일,64,7
청계천 생태교실 앞,15,월요일,39,1
청계천 생태교실 앞,15,화요일,31,2
청계천 생태교실 앞,15,수요일,19,3
청계천 생태교실 앞,15,목요일,35,4
청계천 생태교실 앞,15,금요일,25,5
청계천 생태교실 앞,15,토요일,57,6
청계천 생태교실 앞,15,일요일,67,7
청계천 생태교실 앞,16,월요일,40,1
청계천 생태교실 앞,16,화요일,23,2
청계천 생태교실 앞,16,수요일,27,3
청계천 생태교실 앞,16,목요일,41,4
청계천 생태교실 앞,16,금요일,34,5
청계천 생태교실 앞,16,토요일,80,6
청계천 생태교실 앞,16,일요일,96,7
청계천 생태교실 앞,17,월요일,90,1
청계천 생태교실 앞,17,화요일,68,2
청계천 생태교실 앞,17,수요일,50,3
청계천 생태교실 앞,17,목요일,98,4
청계천 생태교실 앞,17,금요일,67,5
청계천 생태교실 앞,17,토요일,64,6
청계천 생태교실 앞,17,일요일,80,7
청계천 생태교실 앞,18,월요일,131,1
청계천 생태교실 앞,18,화요일,104,2
청계천 생태교실 앞,18,수요일,59,3
청계천 생태교실 앞,18,목요일,100,4
청계천 생태교실 앞,18,금요일,128,5
청계천 생태교실 앞,18,토요일,100,6
청계천 생태교실 앞,18,일요일,108,7
청계천 생태교실 앞,19,월요일,129,1
청계천 생태교실 앞,19,화요일,137,2
청계천 생태교실 앞,19,수요일,57,3
청계천 생태교실 앞,19,목요일,98,4
청계천 생태교실 앞,19,금요일,85,5
청계천 생태교실 앞,19,토요일,125,6
청계천 생태교실 앞,19,일요일,156,7
청계천 생태교실 앞,20,월요일,116,1
청계천 생태교실 앞,20,화요일,118,2
청계천 생태교실 앞,20,수요일,64,3
청계천 생태교실 앞,20,목요일,118,4
청계천 생태교실 앞,20,금요일,96,5
청계천 생태교실 앞,20,토요일,126,6
청계천 생태교실 앞,20,일요일,157,7
청계천 생태교실 앞,21,월요일,158,1
청계천 생태교실 앞,21,화요일,114,2
청계천 생태교실 앞,21,수요일,71,3
청계천 생태교실 앞,21,목요일,91,4
청계천 생태교실 앞,21,금요일,95,5
청계천 생태교실 앞,21,토요일,177,6
청계천 생태교실 앞,21,일요일,177,7
청계천 생태교실 앞,22,월요일,139,1
청계천 생태교실 앞,22,화요일,115,2
청계천 생태교실 앞,22,수요일,48,3
청계천 생태교실 앞,22,목요일,67,4
청계천 생태교실 앞,22,금요일,121,5
청계천 생태교실 앞,22,토요일,131,6
청계천 생태교실 앞,22,일요일,106,7
청계천 생태교실 앞,23,월요일,61,1
청계천 생태교실 앞,23,화요일,61,2
청계천 생태교실 앞,23,수요일,31,3
청계천 생태교실 앞,23,목요일,51,4
청계천 생태교실 앞,23,금요일,94,5
청계천 생태교실 앞,23,토요일,79,6
청계천 생태교실 앞,23,일요일,77,7
청계천 생태교실 앞,24,월요일,55,1
청계천 생태교실 앞,24,화요일,40,2
청계천 생태교실 앞,24,수요일,33,3
청계천 생태교실 앞,24,목요일,15,4
청계천 생태교실 앞,24,금요일,28,5
청계천 생태교실 앞,24,토요일,58,6
청계천 생태교실 앞,24,일요일,59,7
합계,1,월요일,363,1
합계,1,화요일,275,2
합계,1,수요일,249,3
합계,1,목요일,164,4
합계,1,금요일,219,5
합계,1,토요일,400,6
합계,1,일요일,541,7
합계,2,월요일,183,1
합계,2,화요일,180,2
합계,2,수요일,165,3
합계,2,목요일,95,4
합계,2,금요일,153,5
합계,2,토요일,292,6
합계,2,일요일,230,7
합계,3,월요일,121,1
합계,3,화요일,93,2
합계,3,수요일,108,3
합계,3,목요일,49,4
합계,3,금요일,81,5
합계,3,토요일,194,6
합계,3,일요일,132,7
합계,4,월요일,71,1
합계,4,화요일,61,2
합계,4,수요일,52,3
합계,4,목요일,48,4
합계,4,금요일,55,5
합계,4,토요일,112,6
합계,4,일요일,81,7
합계,5,월요일,67,1
합계,5,화요일,51,2
합계,5,수요일,45,3
합계,5,목요일,33,4
합계,5,금요일,42,5
합계,5,토요일,78,6
합계,5,일요일,82,7
합계,6,월요일,154,1
합계,6,화요일,141,2
합계,6,수요일,145,3
합계,6,목요일,102,4
합계,6,금요일,119,5
합계,6,토요일,101,6
합계,6,일요일,123,7
합계,7,월요일,473,1
합계,7,화요일,346,2
합계,7,수요일,302,3
합계,7,목요일,292,4
합계,7,금요일,278,5
합계,7,토요일,205,6
합계,7,일요일,162,7
합계,8,월요일,669,1
합계,8,화요일,468,2
합계,8,수요일,377,3
합계,8,목요일,399,4
합계,8,금요일,454,5
합계,8,토요일,237,6
합계,8,일요일,267,7
합계,9,월요일,268,1
합계,9,화요일,195,2
합계,9,수요일,159,3
합계,9,목요일,152,4
합계,9,금요일,173,5
합계,9,토요일,356,6
합계,9,일요일,319,7
합계,10,월요일,291,1
합계,10,화요일,156,2
합계,10,수요일,159,3
합계,10,목요일,178,4
합계,10,금요일,216,5
합계,10,토요일,376,6
합계,10,일요일,402,7
합계,11,월요일,292,1
합계,11,화요일,178,2
합계,11,수요일,167,3
합계,11,목요일,188,4
합계,11,금요일,228,5
합계,11,토요일,381,6
합계,11,일요일,437,7
합계,12,월요일,279,1
합계,12,화요일,196,2
합계,12,수요일,189,3
합계,12,목요일,202,4
합계,12,금요일,248,5
합계,12,토요일,375,6
합계,12,일요일,483,7
합계,13,월요일,283,1
합계,13,화요일,204,2
합계,13,수요일,178,3
합계,13,목요일,204,4
합계,13,금요일,318,5
합계,13,토요일,472,6
합계,13,일요일,567,7
합계,14,월요일,378,1
합계,14,화요일,227,2
합계,14,수요일,212,3
합계,14,목요일,241,4
합계,14,금요일,340,5
합계,14,토요일,573,6
합계,14,일요일,639,7
합계,15,월요일,445,1
합계,15,화요일,358,2
합계,15,수요일,247,3
합계,15,목요일,344,4
합계,15,금요일,410,5
합계,15,토요일,664,6
합계,15,일요일,819,7
합계,16,월요일,662,1
합계,16,화요일,467,2
합계,16,수요일,399,3
합계,16,목요일,418,4
합계,16,금요일,561,5
합계,16,토요일,932,6
합계,16,일요일,1046,7
합계,17,월요일,1029,1
합계,17,화요일,806,2
합계,17,수요일,541,3
합계,17,목요일,705,4
합계,17,금요일,859,5
합계,17,토요일,1081,6
합계,17,일요일,1326,7
합계,18,월요일,1513,1
합계,18,화요일,1123,2
합계,18,수요일,734,3
합계,18,목요일,1013,4
합계,18,금요일,1292,5
합계,18,토요일,1446,6
합계,18,일요일,1591,7
합계,19,월요일,1500,1
합계,19,화요일,1216,2
합계,19,수요일,682,3
합계,19,목요일,979,4
합계,19,금요일,1383,5
합계,19,토요일,1827,6
합계,19,일요일,2079,7
합계,20,월요일,1526,1
합계,20,화요일,1293,2
합계,20,수요일,768,3
합계,20,목요일,1033,4
합계,20,금요일,1517,5
합계,20,토요일,2091,6
합계,20,일요일,2098,7
합계,21,월요일,1594,1
합계,21,화요일,1391,2
합계,21,수요일,861,3
합계,21,목요일,1134,4
합계,21,금요일,1610,5
합계,21,토요일,2073,6
합계,21,일요일,1955,7
합계,22,월요일,1324,1
합계,22,화요일,1182,2
합계,22,수요일,651,3
합계,22,목요일,838,4
합계,22,금요일,1609,5
합계,22,토요일,1554,6
합계,22,일요일,1562,7
합계,23,월요일,891,1
합계,23,화요일,679,2
합계,23,수요일,465,3
합계,23,목요일,543,4
합계,23,금요일,1253,5
합계,23,토요일,1156,6
합계,23,일요일,987,7
합계,24,월요일,505,1
합계,24,화요일,539,2
합계,24,수요일,376,3
합계,24,목요일,227,4
합계,24,금요일,279,5
합계,24,토요일,743,6
합계,24,일요일,774,7